date,fx_rate,log_fx,log_return,vol_7d,vol_14d,vol_30d,event_window,epu_index,target_high_volatility
2005-01-01,3.8167523809524,1.3393998989714229,,,,,0,58.94662,0
2005-02-01,3.67327,1.301082273528714,-0.03831762544270889,,,,0,74.97708,0
2005-03-01,3.6291952380952,1.2890109262038019,-0.012071347324912107,,,,0,81.45479,0
2005-04-01,3.6277476190476,1.28861196507229,-0.00039896113151183243,0.019420508136288425,,,0,89.07868,0
2005-05-01,3.6174590909091,1.285771870795868,-0.002840094276421956,0.0061565651046169055,,,0,99.44091,0
2005-06-01,3.6136272727273,1.2847120525755429,-0.0010598182203251927,0.001262619364583394,,,0,99.41497,0
2005-07-01,3.564680952381,1.2710745554381124,-0.013637497137430454,0.006806263026563851,0.014361259921278213,,0,85.08384,1
2005-08-01,3.5033869565217,1.2537302024371106,-0.01734435300100179,0.008535463865135016,0.0073235339757291,,0,82.83349,0
2005-09-01,3.5097227272727,1.255537039278496,0.0018068368413852731,0.010157397179901658,0.007907855643561426,,0,160.47384,0
2005-10-01,3.5996952380952,1.280849185793869,0.02531214651537317,0.021365254527853223,0.015032785656172134,,0,71.51886,1
2005-11-01,3.6542636363636,1.2958946054252638,0.015045419631394719,0.01178392505398923,0.01637795410665967,,0,95.44765,1
2005-12-01,3.6588666666667,1.2971534455443994,0.0012588401191355736,0.01206950015638134,0.016327453058861362,,0,61.47662,1
2006-01-01,3.6449045454545,1.293330177313737,-0.00382326823066248,0.009763238717784489,0.0148647946127255,0.01601074109605234,0,83.96113,1
2006-02-01,3.53927,1.263920491191245,-0.02940968612249195,0.01643700655861551,0.018623419509973944,0.014391463543223935,0,60.63415,1
2006-03-01,3.5074304347826,1.254883699521275,-0.009036791669969846,0.013520974049978459,0.019130047416981582,0.0142453506556006,0,79.82994,1
2006-04-01,3.4891722222222,1.2496645224716958,-0.005219177049579304,0.013005189598580094,0.014521151628750385,0.014238098167585407,0,89.04357,1
2006-05-01,3.5071590909091,1.2548063339469557,0.005141811475259939,0.007336632421753986,0.012125172098257817,0.014443725148673661,0,82.44514,1
2006-06-01,3.5501181818182,1.266980893586217,0.012174559639261284,0.008749778149100261,0.014222363209119333,0.015062402676846567,0,89.85152,1
2006-07-01,3.5714857142857,1.2729816756848846,0.006000782098667612,0.0038365111405824796,0.014936467527147248,0.014683200616037709,0,82.00437,1
2006-08-01,3.5270652173913,1.2604661419792744,-0.012515533705610205,0.01284893114531941,0.009738796182320661,0.01421872710514088,0,58.86663,0
2006-09-01,3.5274142857143,1.2605651055734366,9.896359416217138e-05,0.009458778592308103,0.008822425643044373,0.014213673396739058,0,76.82971,0
2006-10-01,3.5190818181818,1.2582001084760386,-0.002364997097398014,0.0066861802479713656,0.008494308655954068,0.011857335556085093,0,71.2218,0
2006-11-01,3.4954636363636,1.251466023930124,-0.006734084545914509,0.0034605051246637377,0.008831298432759725,0.010633568352494637,0,73.8451,0
2006-12-01,3.4137,1.2277967470489355,-0.023669276881188583,0.011252866313903745,0.010468371228639082,0.01193192608179285,0,74.91799,0
2007-01-01,3.3921772727273,1.2214719785709147,-0.00632476847802077,0.0098978133176283,0.008551241998543136,0.011916479618735043,0,62.33881,0
2007-02-01,3.382345,1.2185692559182455,-0.0029027226526692207,0.011133973114634332,0.008568032282587495,0.009363512491664651,0,58.51786,0
2007-03-01,3.3691681818182,1.214665883575644,-0.0039033723426014078,0.0017594912464209674,0.008046334421304608,0.00921760613635617,0,71.11645,0
2007-04-01,3.3337789473684,1.2041064796015182,-0.010559403974125914,0.004161907129753553,0.007655868402476068,0.009442150254537108,0,65.16531,0
2007-05-01,3.2836181818182,1.1889459186365294,-0.015160560964988745,0.005659765872873012,0.007921900094848512,0.009513605949038675,0,54.99328,0
2007-06-01,3.2242619047619,1.1707040573132503,-0.018241861323279096,0.0038662041779615485,0.006237169221171953,0.008362099056809064,0,60.84606,0
2007-07-01,3.1345136363636,1.1424740221335254,-0.02823003517972489,0.006832144430731344,0.009535127400766138,0.00896041296084875,0,47.69235,0
2007-08-01,3.224552173913,1.1707940798035115,0.02832005766998602,0.030181917651227574,0.019534045929055187,0.01439011707029827,0,94.66285,1
2007-09-01,3.34814,1.2084049677625217,0.03761088795901024,0.03563532818363261,0.027133431016152617,0.019390170482484773,0,166.73321,1
2007-10-01,3.3536956521739,1.2100629175347493,0.0016579497722275516,0.018662802974873962,0.02673194031252166,0.019462190959324215,0,96.88045,1
2007-11-01,3.4738909090909,1.2452752652219132,0.03521234768716397,0.020100847325142703,0.028496072113827813,0.022464138059139035,0,97.73733,1
2007-12-01,3.5350736842105,1.2627341433209736,0.017458878099060327,0.01678666453785723,0.025097492473208173,0.021736156643906716,0,98.01473,1
2008-01-01,3.6936772727273,1.3066225126998696,0.043888369378896064,0.013472051589135964,0.015488552882264889,0.02445915429214418,0,160.25905,1
2008-02-01,3.6557238095238,1.2962941062973048,-0.010328406402564827,0.027111221432653976,0.021770951817486135,0.024826289438710448,0,128.78454,1
2008-03-01,3.7194368421053,1.3135722702941244,0.017278163996819584,0.027109913733508594,0.020176770279674672,0.02477409388935686,0,139.87072,1
2008-04-01,3.6428090909091,1.2927551122912333,-0.02081715800289108,0.019678203668065313,0.025178599269295384,0.02564351858825805,0,96.74758,1
2008-05-01,3.6583,1.2969985586343022,0.004243446343068946,0.01936143638249063,0.02298560438657332,0.02468637580053083,0,76.82344,1
2008-06-01,3.6555619047619,1.296249817298556,-0.0007487413357463168,0.01326459683726699,0.022786419994077097,0.023414939592935193,0,106.42784,1
2008-07-01,3.5763695652174,1.2743481979494602,-0.021901619349095736,0.0138800254929867,0.015252594177388291,0.022518364966365247,0,87.93302,1
2008-08-01,3.5270714285714,1.260467902982899,-0.01388029496656129,0.010678823233050645,0.0155491511881298,0.02285845430210788,0,92.29638,1
2008-09-01,3.6247909090909,1.287796606392282,0.027328703409383204,0.026413846971183028,0.018763753665072994,0.021793954383026917,0,156.0435,1
2008-10-01,3.7478956521739,1.3211945230531508,0.033397916660868665,0.025723679724230293,0.021992679792009473,0.02302859785120589,0,216.59178,1
2008-11-01,3.783755,1.3307169027932884,0.009522379740137588,0.012409282650225605,0.02207428787750608,0.021542929279541982,0,156.77446,1
2008-12-01,3.9226904761905,1.3667777643416594,0.03606086154837107,0.014614054624533038,0.02488634947772036,0.02297610549750697,0,136.78456,1
2009-01-01,4.2353666666667,1.4434699044427661,0.0766921401011067,0.03383038210560137,0.030201529738174093,0.028768511699419734,0,159.99384,1
2009-02-01,4.286445,1.455457718073369,0.011987813630602862,0.032703369594183795,0.024256522214081273,0.027945473519182043,0,139.69696,1
2009-03-01,4.2828454545455,1.454617614523303,-0.0008401035500660292,0.04155810015063342,0.027908321218143847,0.02819717490244698,0,133.46071,1
2009-04-01,4.2041,1.4360602396014497,-0.018557374921853276,0.015337675333204579,0.03335419997160394,0.027966476623219844,0,119.99919,1
2009-05-01,4.170025,1.4279220309965757,-0.00813820860487402,0.008904334796354748,0.03510636404879479,0.02849965851334744,0,122.96011,1
2009-06-01,4.2131363636364,1.4382073498208963,0.0102853188243206,0.014605286555506435,0.03374056285606395,0.02826634299085832,0,113.23892,1
2009-07-01,4.218447826087,1.4394672466644016,0.0012598968435053592,0.009212391934100967,0.011486731168868938,0.026488517951719505,0,95.94823,0
2009-08-01,4.218280952381,1.4394276877997272,-3.9558864674438254e-05,0.005623609848398323,0.009755635162412585,0.02545680423094527,0,91.37744,0
2009-09-01,4.2420227272727,1.445040213806757,0.005612526007029883,0.0029602935994491627,0.01033630468136481,0.0252651415603953,0,104.3236,0
2009-10-01,4.2871090909091,1.455612634203456,0.010572420396699034,0.005309750772516625,0.007115723805110992,0.024444247046025335,0,105.04014,0
2009-11-01,4.2896095238095,1.4561957087063202,0.0005830745028641005,0.004994713308023931,0.004853034312102856,0.024635535616198384,0,133.00749,0
2009-12-01,4.2283818181818,1.4418193709745006,-0.014376337731819566,0.012556615639768058,0.008363133852454957,0.024168173006096715,0,115.26261,0
2010-01-01,4.138315,1.4202887001573583,-0.021530670817142328,0.011284105549998603,0.012268367129047539,0.011407658610404504,0,142.00355,1
2010-02-01,4.1196,1.4157560712695096,-0.0045326288878486665,0.008534406004819962,0.012173899862340874,0.010538877936558205,0,136.73906,1
2010-03-01,4.0866,1.4077133284931906,-0.008042742776319,0.008973837267064074,0.011272792876078953,0.010590496424746512,0,137.8383,0
2010-04-01,4.13064,1.418432358647698,0.010719030154507259,0.009974451752370469,0.011316549032385433,0.010276652082626382,0,152.78447,0
2010-05-01,4.1767476190476,1.4295328621065306,0.011100503458832733,0.010943898770619888,0.01322961471932285,0.01063602389344754,0,203.30524,1
2010-06-01,4.2433818181818,1.445360549958897,0.015827687852366434,0.002845762277676579,0.01438989032375594,0.01122114552180495,0,171.40265,1
2010-07-01,4.2608136363636,1.44946013649571,0.004099586536812971,0.005900670449298997,0.009474626641841545,0.01126626896445059,0,186.55523,0
2010-08-01,4.2395818181818,1.444464636592515,-0.004995499903195144,0.010439301590004956,0.009567844137340503,0.011391295257404817,0,172.81606,0
2010-09-01,4.2654909090909,1.4505572760997532,0.006092639507238262,0.005911002355485781,0.007233013176354166,0.011412016122466197,0,161.69015,0
2010-10-01,4.2787333333333,1.4536570156360447,0.0030997395362915015,0.0057363924116690165,0.007147462116686954,0.011006714224779744,0,186.14112,0
2010-11-01,4.2940090909091,1.4572208165733747,0.0035638009373299973,0.0016107879920857805,0.0066923266486353696,0.01105859259779549,0,172.68817,0
2010-12-01,4.2929304347826,1.4569695847744442,-0.00025123179893049574,0.002081619427759558,0.003969696463457351,0.010088523448969891,0,183.07599,0
2011-01-01,4.2624428571429,1.4498424365708948,-0.007127148203549316,0.005418011546605712,0.00520037186752352,0.00770554671361293,0,143.03174,0
2011-02-01,4.24568,1.445901995391518,-0.0039404411793768634,0.0034410171440528276,0.005009419541484335,0.007658424871687661,0,122.44579,0
2011-03-01,4.1621434782609,1.4260302007700647,-0.019871794621453276,0.008429997394934994,0.008755807391362926,0.009644315837507262,0,154.40152,0
2011-04-01,4.1003947368421,1.4110832463544634,-0.014946954415601343,0.008156851998664708,0.008891559391320816,0.01024745264621564,0,145.50861,0
2011-05-01,4.1141545454545,1.4144333562652247,0.0033501099107613452,0.012235831698468794,0.008840605709378693,0.009670086962001037,0,134.21508,0
2011-06-01,4.1937318181818,1.4335909862725522,0.01915763000732751,0.01706742966992532,0.013941075032023157,0.010236172590816087,0,168.29589,1
2011-07-01,4.2413428571429,1.4448799306916442,0.011288944419092006,0.007903785989854422,0.015069177971672293,0.010757663402669693,0,183.40234,1
2011-08-01,4.2504695652174,1.44702946276671,0.002149532075065741,0.008511956944538431,0.015022560248838104,0.010676507794675447,0,230.29894,1
2011-09-01,4.2838318181818,1.454847893687384,0.007818430920674135,0.004613562182279992,0.011457994434759117,0.010774075321296445,0,280.05813,0
2011-10-01,4.3243714285714,1.464266795387412,0.009418901700027904,0.0038197219702842283,0.006143734502028163,0.011070634830705648,0,241.75185,0
2011-11-01,4.3559909090909,1.471552118082976,0.007285322695564034,0.0011103956099470875,0.005625588227836848,0.011203850242061142,0,304.60022,0
2011-12-01,4.3282428571429,1.465161652988134,-0.0063904650948420905,0.008578222518984263,0.006476117102571067,0.01141405356992615,0,228.87159,0
2012-01-01,4.34165,1.4682544601923595,0.003092807204225556,0.0070063876966142144,0.00577723201052748,0.011156727702903591,0,216.73445,0
2012-02-01,4.3512714285714,1.4704680848246114,0.0022136246322519426,0.005239843756020069,0.0057734154874886714,0.01102282968143583,0,193.44436,0
2012-03-01,4.3668272727273,1.4740367208765135,0.003568636051902052,0.0006874386075048976,0.005449071829439048,0.00859501100505796,0,177.49269,0
2012-04-01,4.3789,1.4767975512945226,0.002760830418009119,0.0006816695266649429,0.004529170680288561,0.006245107921701325,0,216.99586,0
2012-05-01,4.4411590909091,1.49091539888587,0.014117847591347488,0.006336669118730344,0.006518974803580496,0.0066709074791538436,0,234.75578,0
2012-06-01,4.4625761904762,1.4957262204560742,0.004810821570204071,0.006052617011918965,0.004507366540648206,0.0053203433097064054,1,244.50211,0
2012-07-01,4.5549409090909,1.5162125578705627,0.020486337414488576,0.007883529169203677,0.007537576160122527,0.006750892011051385,1,206.98157,0
2012-08-01,4.5175652173913,1.5079731799912848,-0.008239377879277976,0.014382838279202833,0.009959454274692,0.007857272743833755,1,150.67718,0
2012-09-01,4.502165,1.5045583921905417,-0.003414787800743113,0.015382388062968955,0.010714997747501847,0.00816433809776088,0,209.91195,0
2012-10-01,4.5623695652174,1.5178421300544511,0.013283737863909462,0.011294260637551007,0.011111950501346182,0.008462201139888608,0,219.08266,0
2012-11-01,4.5273454545455,1.510135775360246,-0.007706354694205109,0.011089351434088622,0.011803874483203315,0.009091175183203268,1,233.5614,0
2012-12-01,4.4899473684211,1.5018409797302485,-0.008294795629997465,0.012292025572709052,0.012630563404523565,0.009288573227504674,1,215.66849,1
2013-01-01,4.3834863636364,1.477844381202472,-0.02399659852777658,0.00923999387745863,0.011955595034788893,0.01213475601346739,1,239.81543,0
2013-02-01,4.383855,1.4779284742812122,8.409307874024385e-05,0.012224511568172438,0.012179543726477282,0.01212775944500478,0,194.1661,1
2013-03-01,4.39231,1.4798552845943354,0.0019268103131231396,0.014464314945101406,0.012509983095381871,0.012100722315100572,0,245.34693,1
2013-04-01,4.3779761904762,1.4765865606382353,-0.003268723956100006,0.0026340895080236926,0.009324828892872469,0.012122789414031599,0,205.62408,0
2013-05-01,4.3360363636364,1.4669606505496882,-0.009625910088547185,0.005786085904196154,0.009391707469977278,0.011529059431533196,0,139.13821,0
2013-06-01,4.48029,1.499687776474716,0.03272712592502791,0.022839639094326295,0.018725336681273737,0.015245098852000026,0,177.53464,1
2013-07-01,4.4243782608696,1.4871297625698279,-0.012558013904888199,0.02534140479456512,0.01625706700271867,0.014223478883213958,0,166.71268,1
2013-08-01,4.4370818181818,1.489996912204626,0.0028671496347980607,0.023022806604517956,0.016246659955661717,0.014171896959459526,0,146.03975,1
2013-09-01,4.4633428571429,1.495898004821246,0.005901092616620085,0.0098984771035364,0.016323356364018646,0.014311819889094515,0,179.70527,1
2013-10-01,4.4444434782609,1.4916546593863957,-0.004243345434850276,0.005206943657792663,0.01639899255753917,0.013630713715085315,0,210.52538,1
2013-11-01,4.4451619047619,1.4918162923209546,0.00016163293455884187,0.005086827027677989,0.015406991118889261,0.013529697378992725,0,156.70507,1
2013-12-01,4.46346,1.495924250019887,0.004107957698932463,0.0041777501443800115,0.006830723064392749,0.013439092069287315,0,157.99862,0
2014-01-01,4.5204590909091,1.5086135574715789,0.012689307451691834,0.006405149901086347,0.005692869451274651,0.011661533730137084,0,154.50244,0
2014-02-01,4.49177,1.5022468334281898,-0.006366724043389116,0.009543679038362065,0.007018175259454903,0.011931800378968127,0,148.43662,0
2014-03-01,4.4933380952381,1.5025958765865801,0.0003490431583903497,0.00966536762776037,0.006769136393244349,0.011941688000127505,0,156.84341,0
2014-04-01,4.46201,1.495599337155297,-0.0069965394312832,0.0040713589073150805,0.007279218662280922,0.012135150973706326,0,116.48549,0
2014-05-01,4.4236523809524,1.486965685398712,-0.008633651756584815,0.004784114830751403,0.008223392912652698,0.01205493586557243,0,146.29191,0
2014-06-01,4.3929619047619,1.48000369315133,-0.006961992247382032,0.000955316334020724,0.008141159016510862,0.0072425658077746105,0,111.7961,0
2014-07-01,4.4097826086957,1.483825393163372,0.003821700012041962,0.00676040250208159,0.0049962864525187065,0.0065037242614011765,0,119.93393,0
2014-08-01,4.4252333333333,1.4873230077664694,0.0034976146030973876,0.006134552762356993,0.005688607515788849,0.0065338946610199785,0,133.31537,0
2014-09-01,4.4095272727273,1.4837674893201225,-0.003555518446346939,0.004168834156536888,0.005520082581392438,0.006294021365370863,0,190.21558,0
2014-10-01,4.4152652173913,1.4850679041409889,0.0013004148208664024,0.0036091194815317524,0.005398066089009971,0.006238399108384373,1,150.03065,0
2014-11-01,4.42875,1.4881173771975447,0.003049473056555785,0.0034221144867095073,0.00444340061959688,0.006323421825906933,1,152.42489,0
2014-12-01,4.4583047619048,1.4947685955487078,0.006651218351163113,0.002728335032545735,0.003416892058561766,0.006524322035300153,1,176.02395,0
2015-01-01,4.487419047619,1.5012777141238836,0.006509118575175776,0.0020396857857716126,0.0037870515265977685,0.0056020402469671715,0,168.98523,0
2015-02-01,4.433425,1.4891724230375678,-0.01210529108631575,0.010788289064771434,0.00715831575687267,0.006334995400740481,0,155.09365,0
2015-03-01,4.4338954545455,1.4892785327802691,0.00010610974270131024,0.009457035118202539,0.006914985076409998,0.006330366753483872,0,131.74544,0
2015-04-01,4.41549,1.4851188131749762,-0.004159719605292933,0.006197415004031565,0.007207756695461379,0.006140673149461528,0,147.32096,0
2015-05-01,4.447715,1.4923904811544642,0.007271667979487972,0.005776664940148949,0.007749759324047116,0.00602890633624096,0,165.58477,0
2015-06-01,4.4671454545455,1.496749603860334,0.004359122705869911,0.005940401451176223,0.007449110869035434,0.005636254527299359,0,193.94799,0
2015-07-01,4.4391173913043,1.490455570941354,-0.006294032918980008,0.007141438762658925,0.007152995986764457,0.00598601398569943,0,184.48753,0
2015-08-01,4.4234857142857,1.48692800843133,-0.0035275625100239516,0.005527852008774939,0.005299294555582136,0.00601525829993985,0,143.71116,0
2015-09-01,4.4235727272727,1.4869476789212623,1.9670489932233082e-05,0.00316488733910389,0.005297845369334558,0.0059125869866272435,0,194.46083,0
2015-10-01,4.4227136363636,1.4867534525811945,-0.0001942263400678268,0.001989126434384494,0.004970521570567083,0.005904530026302064,0,164.83114,0
2015-11-01,4.4452523809524,1.4918366459709862,0.005083193389791685,0.002987088186857975,0.004401961881126607,0.006023603585490619,0,164.40215,0
2015-12-01,4.5033318181818,1.5048175268528234,0.012980880881837242,0.006630838019383647,0.006864258421480968,0.00684984423362784,0,147.41888,0
2016-01-01,4.531075,1.5109592181853948,0.006141691332571364,0.0042869647247532625,0.005907244912385466,0.006822955231680253,0,209.74029,0
2016-02-01,4.4813571428571,1.499925934225213,-0.011033283960181883,0.012372243147850102,0.008070641641396255,0.0066431758665023224,0,227.79281,0
2016-03-01,4.4666,1.4966274928042371,-0.003298441420975795,0.008601585821013794,0.00835579827929093,0.00675179435527568,0,227.75331,0
2016-04-01,4.4724142857143,1.4979283714802103,0.0013008786759731716,0.006233151990173683,0.008313299184010406,0.006582828104806671,0,207.01125,0
2016-05-01,4.4990590909091,1.5038682840046333,0.005939912524423052,0.004619191199436899,0.008386713764185934,0.006479132182125274,1,198.46472,0
2016-06-01,4.5230363636364,1.509183530179594,0.005315246174960597,0.002517471930070063,0.006817376822470702,0.006530455709536865,1,433.2775,0
2016-07-01,4.4855523809524,1.5008616497892564,-0.008321880390337544,0.008059778389732868,0.007072481470602603,0.0067595984477473005,1,424.37718,0
2016-08-01,4.4591304347826,1.4949537772432082,-0.005907872546048187,0.007277328363441621,0.005935362907937385,0.0069329861707252425,0,213.36659,0
2016-09-01,4.4502409090909,1.4929582315871608,-0.001995545656047426,0.0031926020405723863,0.0058501560451800225,0.0069744225590542015,0,232.698,0
2016-10-01,4.4941761904762,1.5027823787080536,0.009824147120892857,0.008190521776587254,0.00726994120159613,0.007465949587560196,0,241.63064,0
2016-11-01,4.5100318181818,1.5063042085189244,0.0035218298108707913,0.0059141887702430255,0.0069902631249527435,0.007408084495115184,1,392.83106,0
2016-12-01,4.5163714285714,1.5077088901531703,0.0014046816342458968,0.0043796673952640214,0.006613118914382591,0.006423625442929468,1,288.42847,0
2017-01-01,4.5018090909091,1.5044793361898265,-0.0032295539633437897,0.003453009287623489,0.005621817959266657,0.006207032969340661,1,320.02379,0
2017-02-01,4.513625,1.5071006000662783,0.002621263876451785,0.0030872933485630873,0.004638591247888568,0.00529276461985789,1,237.06756,0
2017-03-01,4.547647826087,1.5146101379927357,0.007509537926457366,0.005376730530722553,0.00461411552040809,0.005485535247144681,1,267.06935,0
2017-04-01,4.5291166666667,1.5105269241598713,-0.004083213832864363,0.005820039202272541,0.004353089091370695,0.005718418536642612,0,249.2189,0
2017-05-01,4.5539409090909,1.515992991951501,0.005466067791629614,0.006188112839537477,0.0046167617449533165,0.005683108955247857,0,197.58968,0
2017-06-01,4.5720636363636,1.519964664550398,0.003971672598896969,0.005136522688300205,0.004711367476833767,0.005603261899633727,0,274.39018,0
2017-07-01,4.568880952381,1.5192683067330386,-0.0006963578173593277,0.0032145298864552033,0.004233710877573959,0.0048434165620262004,0,181.41523,0
2017-08-01,4.5788956521739,1.521457845071535,0.002189538338496444,0.00235566364009428,0.0042341891092557305,0.0042386918516061625,0,149.70865,0
2017-09-01,4.5991714285714,1.5258761630471243,0.0044183179755892255,0.002564363590967536,0.0036323919079587798,0.00406101803921863,0,205.76641,0
2017-10-01,4.5895045454545,1.5237720760795033,-0.0021040869676209883,0.0033152285789285452,0.0030212838381313955,0.003604405040207849,0,227.23362,0
2017-11-01,4.6346863636364,1.5335685297674435,0.009796453687940243,0.005959431990247999,0.004230582494624609,0.0042772654195217495,0,229.71336,0
2017-12-01,4.6347842105263,1.5335896414132748,2.1111645831295434e-05,0.0063468712644041015,0.004341858116570932,0.004321193051941878,0,173.39307,0
2018-01-01,4.6491181818182,1.5366775632969787,0.0030879218837038813,0.004999450570542675,0.004092317280132715,0.003976396276400283,0,196.43604,0
2018-02-01,4.65591,1.5381373803454046,0.0014598170484259043,0.001534379550243553,0.00412839381547591,0.003992144375736495,0,135.16371,0
2018-03-01,4.6613380952381,1.5393025518202275,0.001165171474822868,0.0010355763695928475,0.004083562951351412,0.0036895148449605916,0,175.57617,0
2018-04-01,4.65783,1.5385496744457763,-0.0007528773744511774,0.0012015090519342567,0.003825323287353287,0.0032891276925826676,0,150.18455,0
2018-05-01,4.6404045454545,1.5348015489580065,-0.0037481254877698156,0.002476250851965722,0.002340353702657431,0.0035564526683613032,0,224.51606,0
2018-06-01,4.6622857142857,1.5395058245112372,0.004704275553230719,0.0042855398861434,0.002964317538977888,0.00360739993234597,0,233.21189,0
2018-07-01,4.6504136363636,1.5369561696997756,-0.0025496548114616324,0.004573454585170204,0.003056860173796021,0.003752722714150988,1,208.2721,0
2018-08-01,4.643852173913,1.5355442316995938,-0.0014119380001818005,0.0039013239955478464,0.0030158472767560754,0.003833439948791228,1,166.83116,0
2018-09-01,4.647135,1.5362509006815146,0.0007066689819208438,0.0016526009668920187,0.0029727788797351603,0.0036951030637841927,1,204.80449,0
2018-10-01,4.6657913043478,1.540257445712506,0.004006545030991404,0.0027306176298583264,0.0034853598210865355,0.0036697682410975745,0,246.06097,0
2018-11-01,4.6609863636364,1.5392270917558588,-0.0010303539566471898,0.0025585406660835266,0.0029991229481334957,0.0025798047871837585,0,231.17001,0
2018-12-01,4.6535789473684,1.537636589658935,-0.001590502096923796,0.0030825058503009327,0.0023687582858307817,0.0026464733394040685,0,275.70745,0
2019-01-01,4.7061818181818,1.5488769249565904,0.011240335297655335,0.007251597168450135,0.004995953346518173,0.00407670420555203,0,247.67711,0
2019-02-01,4.74857,1.5578435200895302,0.008966595132939847,0.006846563426317962,0.0053667811413767854,0.004681923570748721,0,230.15161,0
2019-03-01,4.7546,1.5591125704820352,0.0012690503925050223,0.0052257154538448616,0.005308292752241194,0.004681057390565559,0,229.38424,0
2019-04-01,4.75835,1.5599009694948003,0.000788399012765062,0.004589228558263486,0.005445310206330978,0.004629974309304788,1,214.20435,0
2019-05-01,4.7593545454545,1.5601120593544262,0.00021108985962592364,0.0005297156621366333,0.005269806543586051,0.0043317438512550654,1,196.30671,0
2019-06-01,4.725005,1.5528686191462044,-0.007243440208221763,0.004479839016127863,0.0066756256992020965,0.005002236544911109,1,205.54046,0
2019-07-01,4.7286130434783,1.55363193402457,0.0007633148783654509,0.004471820994113404,0.0051372789079395225,0.004871390647968799,0,229.73694,0
2019-08-01,4.7280090909091,1.553504202883061,-0.00012773114150887999,0.004388154614949719,0.003231245356183491,0.004818062991272274,0,277.04245,0
2019-09-01,4.7380714285714,1.555630181302864,0.0021259784198028875,0.0011350493178307255,0.003353539463687949,0.004814326297471973,0,245.14056,0
2019-10-01,4.7538347826087,1.558951614991369,0.0033214336885050155,0.001751430753737439,0.003701687277086132,0.004787373032196811,1,250.56589,0
2019-11-01,4.7698380952381,1.5623123620261048,0.003360747034735878,0.0007018205339313781,0.003977582906164346,0.004739132952252102,1,222.59568,0
2019-12-01,4.7779,1.5640011194254935,0.001688757399388674,0.0009541773721332173,0.00138865157214216,0.004610878145185312,1,235.98632,0
2020-01-01,4.7787909090909,1.5641875666177185,0.0001864471922250477,0.0015879055801812229,0.0014952642620725696,0.003642441552082197,0,199.22176,0
2020-02-01,4.78372,1.5652184865073817,0.0010309198896631955,0.0007530847987302496,0.0012589715175466074,0.002723738865338558,1,204.83529,0
2020-03-01,4.8281545454545,1.5744643129662366,0.009245826458854856,0.00500450092040342,0.003244705121539483,0.0036973448685172264,1,361.36888,0
2020-04-01,4.83714,1.5763236369820472,0.0018593240158106816,0.00452274550978841,0.003282944265608682,0.003697342966469852,1,297.89851,0
2020-05-01,4.837115,1.5763184686254141,-5.16835663311177e-06,0.00489247134592507,0.0034697754681858434,0.0037040185598229856,0,282.24844,0
2020-06-01,4.8391590909091,1.5767409640860226,0.000422495460608463,0.0009767040190121052,0.0035543740154303847,0.0025765539967859017,0,247.64984,0
2020-07-01,4.8383217391304,1.5765679124839589,-0.00017305160206371184,0.0003070714977912454,0.003596336206301298,0.0026306706972028496,0,248.82286,0
2020-08-01,4.8376095238095,1.5764206986803813,-0.00014721380357762825,0.00033662851468413223,0.003694796728607263,0.0026320491873260037,1,213.09036,0
2020-09-01,4.8602136363636,1.5810823950457795,0.00466169636539826,0.0027839142860964427,0.0019036182189415057,0.0027501298679918984,1,278.59221,0
2020-10-01,4.8747409090909,1.5840669561843177,0.0029845611385381776,0.00244084732113401,0.0020433306488126177,0.0027384569157394177,1,311.5825,0
2020-11-01,4.8703619047619,1.5831682474262099,-0.0008987087581078246,0.002852211796626378,0.0021843491111363587,0.0028335869733572354,1,328.15252,0
2020-12-01,4.87025,1.5831452704791764,-2.2976947033459538e-05,0.0020368266425697485,0.0022209450959540266,0.00287901149753233,1,208.95865,0
2021-01-01,4.873245,1.5837600396342542,0.0006147691550777434,0.0007598510478364954,0.0021552596637914477,0.002862564427052721,1,231.37864,0
2021-02-01,4.874975,1.584114976231533,0.0003549365972788099,0.00032068980230855513,0.0021016260448169996,0.002882032767449217,0,185.27867,0
2021-03-01,4.8883608695652,1.586857046796622,0.0027420705650891275,0.0013096648952693832,0.0015608276975460546,0.0016612976404326025,0,217.46619,0
2021-04-01,4.92313,1.5939445070900178,0.0070874602933956865,0.0034133975203093593,0.0029258218977257703,0.002413178747381178,0,179.65824,0
2021-05-01,4.925,1.594324274624052,0.0003797675340342366,0.0034023528539183136,0.0027443357305554053,0.0023942945974161738,0,141.38606,0
2021-06-01,4.9237954545455,1.594079666952776,-0.00024460767127609806,0.00406493557123123,0.002776046976630218,0.002429090976437484,0,152.61494,0
2021-07-01,4.9254954545455,1.5944248694719365,0.0003452025191605923,0.00035093095189928666,0.002801564308620439,0.00240216769463745,0,197.37942,0
2021-08-01,4.9231590909091,1.5939504160997637,-0.0004744533721727784,0.000422796422084411,0.0029043665483250323,0.002424176212506081,0,187.20578,0
2021-09-01,4.9471272727273,1.5988070591689876,0.004856643069223843,0.0028707002886760175,0.0031801552300700117,0.002448111984546114,0,206.72854,0
2021-10-01,4.9480428571429,1.5989921160009968,0.00018505683200920053,0.0029062937723908873,0.001996154422261468,0.002424671666238476,0,198.51042,0
2021-11-01,4.9493636363636,1.5992590100058872,0.0002668940048904389,0.0026738303289523006,0.0020018971912872958,0.0023533385856813827,0,246.60827,0
2021-12-01,4.9492,1.5992259473576835,-3.306264820368554e-05,0.0001550523697830839,0.0019811002294387982,0.0023538717038443964,0,298.15951,0
2022-01-01,4.9454,1.5984578515909373,-0.0007680957667461907,0.0005325178410916262,0.002087956247723126,0.002425372255445927,1,264.63419,0
2022-02-01,4.94578,1.5985346877217501,7.683613081277407e-05,0.00045939477186463244,0.002038962350249139,0.002435746290210365,1,220.46791,0
2022-03-01,4.9482347826087,1.599030903406284,0.0004962156845338406,0.0006439814396177403,0.0004336647190325852,0.0023925233314533063,1,392.01202,0
2022-04-01,4.9441578947368,1.5982066562831283,-0.0008242471231556525,0.0006747162696467257,0.0005460749540715607,0.0014847571722887633,0,334.669,0
2022-05-01,4.946,1.5985791690992244,0.0003725128160960711,0.0007292871837568374,0.0005629061290542671,0.0014847477272097055,0,328.47521,0
2022-06-01,4.9444045454545,1.5982565423447763,-0.0003226267544480521,0.0006009820253883818,0.0005670480928165026,0.0014877777501029787,0,332.62825,0
2022-07-01,4.939580952381,1.5972805001485404,-0.0009760421962359267,0.0006743850758767807,0.0006157926983105667,0.0015361139778845713,0,403.90579,0
2022-08-01,4.8943043478261,1.5880721510366445,-0.009208349111895942,0.004952337675395375,0.0037059602417540425,0.0031381052078154653,0,327.91541,0
2022-09-01,4.9096681818182,1.5912063594450332,0.003134208408388739,0.006284952443839971,0.0041542252351844935,0.0029018224370122685,0,396.80379,0
2022-10-01,4.9259285714286,1.5945127992742143,0.003306439829181107,0.007176214555083476,0.004571015546835449,0.003113997764122928,0,418.61884,0
2022-11-01,4.9141954545455,1.5921280483477658,-0.00238475092644852,0.003237237197026266,0.004590362155767205,0.003158208344357202,0,357.08668,0
2022-12-01,4.9224476190476,1.5938058903465628,0.0016778419987970583,0.0029310590914762764,0.004726583656564714,0.0032237838636018034,0,279.6471,0
2023-01-01,4.9242272727273,1.594167363375507,0.0003614730289440704,0.0020728094684197155,0.0047448305231681835,0.0032301893946011045,0,281.77821,0
2023-02-01,4.908675,1.5910040479545513,-0.0031633154209556036,0.0025031235834508643,0.0027554511327756563,0.0033246211757997574,0,272.40225,0
2023-03-01,4.9263260869565,1.5945934946159201,0.0035894466613688447,0.0033774680637191756,0.0028475946173943333,0.0035330524761961798,0,324.77326,0
2023-04-01,4.9364944444444,1.5966554526649863,0.0020619580490661704,0.003541103877740898,0.0026461313533531015,0.0035969647450296584,0,244.23158,0
2023-05-01,4.9477227272727,1.5989274156263604,0.0022719629613741077,0.0008279580125890948,0.0023471157806952826,0.0036622542999392056,0,265.50803,0
2023-06-01,4.9599818181818,1.601402075040964,0.002474659414603675,0.0002063614678442835,0.0024059001142302094,0.0037263020702022476,0,247.21465,0
2023-07-01,4.9410904761905,1.5975860510075395,-0.0038160240334246254,0.003574851272997026,0.0031950666013598424,0.003898306515481683,0,263.57203,0
2023-08-01,4.9410739130435,1.5975826988781177,-3.352129421818617e-06,0.0031688511720389654,0.0026747147852367523,0.002608400506095763,0,287.96256,0
2023-09-01,4.9656142857143,1.6025370130493484,0.0049543141712307115,0.004397608335224922,0.0029707953355822747,0.0028026311099693317,0,319.51199,0
2023-10-01,4.9681772727273,1.6030530269106806,0.0005160138613322651,0.0027247845731918447,0.0029610069937125246,0.002702802648714268,0,314.2169,0
2023-11-01,4.9702545454545,1.603471055186258,0.00041802827557746447,0.0025912030842501895,0.0029062505049823073,0.0025262305382615746,0,315.77124,0
2023-12-01,4.9707157894737,1.6035638517652622,9.279657900407301e-05,0.00022154371259270217,0.0027848888289994473,0.0025258818726395186,0,281.71082,0
2024-01-01,4.9749272727273,1.6044107519564277,0.0008469001911655116,0.0003782369262588089,0.0018946953345350744,0.00252187428282384,0,323.41011,0
2024-02-01,4.974619047619,1.6043487943357533,-6.195762067440214e-05,0.0004862515882302523,0.001901890048356418,0.002212759540944489,0,276.98234,0
2024-03-01,4.970765,1.603573751804772,-0.0007750425309813735,0.0008129381695818302,0.0005643156705660232,0.002125509264534835,0,231.31778,0
2024-04-01,4.9730285714286,1.6040290250264932,0.00045527322172134177,0.0006177505814086713,0.0005574298345769856,0.002085467235580134,0,268.1715,0
2024-05-01,4.9753818181818,1.6045021150388532,0.00047309001235995574,0.0007155218532800564,0.0005629010463781042,0.0020190891873668863,1,290.83528,0
2024-06-01,4.97674,1.60477505820644,0.00027294316758674775,0.0001107703676871093,0.0005626458810191478,0.0019172940103135954,1,327.50626,0
2024-07-01,4.973,1.6040232797326015,-0.0007517784738384492,0.0006570662080240907,0.0005745022071710539,0.0014750727606049501,1,361.85379,0
2024-08-01,4.9765681818182,1.6047405333673255,0.0007172536347239689,0.0007533836527740859,0.000657316337220334,0.0014657386472751166,0,263.42825,0
2024-09-01,4.9743761904762,1.6042999738997121,-0.00044055946761334397,0.0007741063434449414,0.0005816188405655042,0.0005470331806818459,0,345.05096,0
2024-10-01,4.9750043478261,1.6044262445450685,0.00012627064535641885,0.0005789485369527288,0.0005588694800827297,0.0005345542722627274,1,392.07715,0
2024-11-01,4.9762380952381,1.6046742030136478,0.00024795846857927906,0.00036746003223755134,0.0005330490096910771,0.0005279876230441302,1,479.98873,0
2024-12-01,4.974875,1.6044002446667613,-0.0002739583468864826,0.0002730654179317853,0.0005296759292907506,0.0005389599835423056,1,484.41531,0
2025-01-01,4.9751863636364,1.604462829936364,6.258526960256638e-05,0.0002645820575194848,0.00040810353112355913,0.0004805303476785914,1,479.90402,0
2025-02-01,4.977015,1.6048303137356488,0.0003674837992848623,0.00032085114567610387,0.0003111884759985722,0.0004910205908209407,1,396.80715,0
2025-03-01,4.9767523809524,1.6047775459669014,-5.2767768747408184e-05,0.00021713314551818867,0.00022636874198934945,0.000421336472280161,1,576.93663,0
2025-04-01,4.977535,1.6049347885738832,0.00015724260698180004,0.00021012579458175307,0.00022799327768173734,0.0004070529242328903,1,779.26774,0
2025-05-01,5.0714238095238,1.623621608458478,0.018686819884594863,0.01075919361803546,0.00761058122169698,0.005396981348210727,1,579.66497,0
2025-06-01,5.0454333333333,1.6184835437409697,-0.005138064717508328,0.01251006687999289,0.008278971738550297,0.005732914536296205,1,479.90868,0
2025-07-01,5.0716173913043,1.6236597788211315,0.005176235080161851,0.011948122644565913,0.008259932634703936,0.005809750257108213,0,592.67219,0
2025-08-01,5.0651238095238,1.62237858153295,-0.001281197288181657,0.005211503933212781,0.00839923466867675,0.005866854547094963,0,413.15994,0
2025-09-01,5.0739590909091,1.6241213986513086,0.0017428171183586638,0.0032308784879433307,0.008303371040363753,0.0058359968058785535,0,471.42576,0
2025-10-01,5.0871826086957,1.6267241623254352,0.002602763674126596,0.002039988724089681,0.008181859748339989,0.00582091468539834,0,452.68354,0
2025-11-01,5.086735,1.6266361709118609,-8.799141357429541e-05,0.0013742592490360742,0.0035535762291063837,0.005830163544848021,0,426.73537,0
2025-12-01,5.0912761904762,1.6275285241806001,0.0008923532687392655,0.0013617845150750564,0.002254569788996715,0.005801548992173488,0,351.50258,0
2026-01-01,5.091895238095239,1.6276501066609,0.00012158248029980889,0.0005162500236398484,0.0013869599736434802,0.005799849808339055,0,371.74391,0
